{"stats":{"minecraft:broken":{"minecraft:wooden_pickaxe":1},"minecraft:used":{"minecraft:wooden_pickaxe":44,"minecraft:dirt":8,"minecraft:cobblestone":7,"minecraft:crafting_table":1},"minecraft:mined":{"minecraft:podzol":1,"minecraft:glow_lichen":1,"minecraft:grass":1,"minecraft:oak_log":2,"minecraft:grass_block":5,"minecraft:coal_ore":3,"minecraft:vine":1,"minecraft:dirt":5,"minecraft:bamboo":4,"minecraft:stone":20,"minecraft:oak_leaves":6,"minecraft:fern":1},"minecraft:picked_up":{"minecraft:stick":2,"minecraft:oak_log":2,"minecraft:dirt":8,"minecraft:wheat_seeds":2,"minecraft:gray_wool":1,"minecraft:bamboo":19,"minecraft:mutton":9,"minecraft:coal":3,"minecraft:white_wool":5,"minecraft:cobblestone":21},"minecraft:custom":{"minecraft:time_since_rest":2924,"minecraft:sprint_one_cm":40899,"minecraft:damage_taken":230,"minecraft:walk_one_cm":38834,"minecraft:mob_kills":6,"minecraft:damage_dealt":555,"minecraft:swim_one_cm":5907,"minecraft:interact_with_crafting_table":3,"minecraft:fly_one_cm":45772,"minecraft:crouch_one_cm":2597,"minecraft:play_time":25838,"minecraft:deaths":1,"minecraft:sneak_time":753,"minecraft:walk_under_water_one_cm":6763,"minecraft:jump":340,"minecraft:leave_game":2,"minecraft:walk_on_water_one_cm":3151,"minecraft:time_since_death":2895,"minecraft:climb_one_cm":759,"minecraft:total_world_time":25838,"minecraft:fall_one_cm":17837},"minecraft:killed":{"minecraft:sheep":6},"minecraft:crafted":{"minecraft:oak_planks":8,"minecraft:crafting_table":1,"minecraft:stick":9,"minecraft:wooden_pickaxe":1}},"DataVersion":3465}