{"stats":{"minecraft:used":{"minecraft:crafting_table":1,"minecraft:wooden_pickaxe":9},"minecraft:mined":{"minecraft:coal_ore":1,"minecraft:grass_block":2,"minecraft:oak_log":2,"minecraft:bamboo":2,"minecraft:stone":8,"minecraft:oak_leaves":6,"minecraft:glow_lichen":1},"minecraft:picked_up":{"minecraft:stick":2,"minecraft:oak_log":2,"minecraft:bamboo":7,"minecraft:coal":1,"minecraft:cobblestone":9},"minecraft:custom":{"minecraft:time_since_rest":12468,"minecraft:crouch_one_cm":610,"minecraft:play_time":12468,"minecraft:sprint_one_cm":14453,"minecraft:damage_taken":110,"minecraft:walk_one_cm":21002,"minecraft:sneak_time":177,"minecraft:jump":130,"minecraft:damage_dealt":15,"minecraft:leave_game":1,"minecraft:time_since_death":12468,"minecraft:climb_one_cm":372,"minecraft:total_world_time":12468,"minecraft:interact_with_crafting_table":2,"minecraft:fall_one_cm":9305,"minecraft:fly_one_cm":14861},"minecraft:crafted":{"minecraft:oak_planks":8,"minecraft:crafting_table":1,"minecraft:wooden_pickaxe":1}},"DataVersion":3465}