{"stats":{"minecraft:picked_up":{"minecraft:crafting_table":10,"minecraft:jungle_log":16,"minecraft:wooden_pickaxe":3,"minecraft:gunpowder":5,"minecraft:dirt":2,"minecraft:string":2,"minecraft:raw_copper":5,"minecraft:bone":4,"minecraft:wheat_seeds":3,"minecraft:cobbled_deepslate":12,"minecraft:raw_gold":3,"minecraft:iron_ingot":12,"minecraft:furnace":4,"minecraft:raw_iron":56,"minecraft:stick":8,"minecraft:jungle_planks":63,"minecraft:diorite":6,"minecraft:redstone":5,"minecraft:spider_eye":1,"minecraft:arrow":3,"minecraft:rotten_flesh":15,"minecraft:stone_axe":1,"minecraft:granite":3,"minecraft:coal":147,"minecraft:cobblestone":107},"minecraft:crafted":{"minecraft:crafting_table":2,"minecraft:wooden_pickaxe":2,"minecraft:iron_helmet":1,"minecraft:furnace":1,"minecraft:stone_axe":2,"minecraft:air":0,"minecraft:jungle_planks":64,"minecraft:iron_chestplate":1,"minecraft:iron_boots":1,"minecraft:shield":1,"minecraft:stick":44,"minecraft:iron_ingot":30,"minecraft:iron_pickaxe":1,"minecraft:stone_pickaxe":2,"minecraft:iron_leggings":1,"minecraft:torch":128},"minecraft:dropped":{"minecraft:torch":1},"minecraft:used":{"minecraft:stone_pickaxe":156,"minecraft:wooden_pickaxe":27,"minecraft:shield":26,"minecraft:rotten_flesh":1,"minecraft:torch":91,"minecraft:crafting_table":7,"minecraft:granite":3,"minecraft:iron_pickaxe":34,"minecraft:stone_axe":74,"minecraft:cobblestone":12,"minecraft:furnace":4},"minecraft:broken":{"minecraft:stone_pickaxe":1},"minecraft:custom":{"minecraft:interact_with_furnace":25,"minecraft:mob_kills":23,"minecraft:interact_with_crafting_table":19,"minecraft:leave_game":1,"minecraft:time_since_death":373,"minecraft:climb_one_cm":680,"minecraft:time_since_rest":1511,"minecraft:sprint_one_cm":94454,"minecraft:damage_taken":4685,"minecraft:walk_one_cm":66640,"minecraft:damage_blocked_by_shield":1539,"minecraft:drop":1,"minecraft:damage_dealt":4616,"minecraft:swim_one_cm":16308,"minecraft:fly_one_cm":156940,"minecraft:crouch_one_cm":9233,"minecraft:play_time":53993,"minecraft:deaths":17,"minecraft:sneak_time":4261,"minecraft:walk_under_water_one_cm":17707,"minecraft:jump":912,"minecraft:walk_on_water_one_cm":15590,"minecraft:total_world_time":53993,"minecraft:fall_one_cm":60139},"minecraft:killed_by":{"minecraft:skeleton":5,"minecraft:creeper":3,"minecraft:witch":1,"minecraft:zombie":7},"minecraft:mined":{"minecraft:crafting_table":5,"minecraft:granite":4,"minecraft:short_grass":3,"minecraft:grass_block":4,"minecraft:jungle_log":16,"minecraft:tall_grass":1,"minecraft:deepslate_gold_ore":1,"minecraft:diorite":6,"minecraft:furnace":2,"minecraft:iron_ore":41,"minecraft:fire":1,"minecraft:coal_ore":65,"minecraft:vine":3,"minecraft:deepslate_iron_ore":3,"minecraft:stone":80,"minecraft:oak_leaves":3,"minecraft:deepslate":8},"minecraft:killed":{"minecraft:witch":1,"minecraft:spider":1,"minecraft:creeper":1,"minecraft:skeleton":3,"minecraft:zombie":17}},"DataVersion":3953}