{"stats":{"minecraft:dropped":{"minecraft:wooden_axe":1},"minecraft:used":{"minecraft:wooden_axe":6,"minecraft:stone_pickaxe":12,"minecraft:chest":1,"minecraft:wooden_pickaxe":7,"minecraft:torch":8,"minecraft:crafting_table":2},"minecraft:mined":{"minecraft:podzol":2,"minecraft:crafting_table":1,"minecraft:oak_log":5,"minecraft:coal_ore":13,"minecraft:jungle_log":2,"minecraft:bamboo":20,"minecraft:stone":6,"minecraft:oak_leaves":2},"minecraft:picked_up":{"minecraft:wooden_axe":1,"minecraft:stick":3,"minecraft:crafting_table":1,"minecraft:jungle_log":2,"minecraft:oak_log":5,"minecraft:dirt":4,"minecraft:bamboo":239,"minecraft:oak_sapling":1,"minecraft:coal":13,"minecraft:cobblestone":5},"minecraft:custom":{"minecraft:time_since_rest":24996,"minecraft:sprint_one_cm":8698,"minecraft:damage_taken":45,"minecraft:walk_one_cm":44828,"minecraft:drop":1,"minecraft:swim_one_cm":1474,"minecraft:interact_with_crafting_table":6,"minecraft:fly_one_cm":8296,"minecraft:crouch_one_cm":3069,"minecraft:play_time":24996,"minecraft:sneak_time":963,"minecraft:walk_under_water_one_cm":14248,"minecraft:jump":221,"minecraft:leave_game":2,"minecraft:walk_on_water_one_cm":5818,"minecraft:time_since_death":24996,"minecraft:total_world_time":24996,"minecraft:climb_one_cm":247,"minecraft:fall_one_cm":6363},"minecraft:crafted":{"minecraft:oak_planks":20,"minecraft:crafting_table":2,"minecraft:stick":8,"minecraft:wooden_pickaxe":1,"minecraft:stone_pickaxe":1,"minecraft:wooden_axe":1,"minecraft:chest":1,"minecraft:torch":8,"minecraft:jungle_planks":8}},"DataVersion":3465}