{"stats":{"minecraft:dropped":{"minecraft:wooden_axe":1},"minecraft:used":{"minecraft:wooden_axe":2,"minecraft:crafting_table":2,"minecraft:wooden_pickaxe":4},"minecraft:mined":{"minecraft:coal_ore":2,"minecraft:oak_log":5,"minecraft:jungle_log":2,"minecraft:stone":2,"minecraft:bamboo":19,"minecraft:oak_leaves":2},"minecraft:picked_up":{"minecraft:wooden_axe":1,"minecraft:stick":3,"minecraft:jungle_log":2,"minecraft:oak_log":5,"minecraft:bamboo":220,"minecraft:oak_sapling":1,"minecraft:coal":2,"minecraft:dirt":2},"minecraft:custom":{"minecraft:time_since_rest":12996,"minecraft:crouch_one_cm":428,"minecraft:sprint_one_cm":4682,"minecraft:play_time":12996,"minecraft:damage_taken":45,"minecraft:walk_one_cm":27588,"minecraft:sneak_time":89,"minecraft:drop":1,"minecraft:jump":144,"minecraft:leave_game":2,"minecraft:time_since_death":12996,"minecraft:climb_one_cm":28,"minecraft:total_world_time":12996,"minecraft:interact_with_crafting_table":2,"minecraft:fall_one_cm":4366,"minecraft:fly_one_cm":4876},"minecraft:crafted":{"minecraft:oak_planks":20,"minecraft:crafting_table":2,"minecraft:stick":4,"minecraft:wooden_pickaxe":1,"minecraft:jungle_planks":8,"minecraft:wooden_axe":1}},"DataVersion":3465}